{
	"info": {
		"_postman_id": "1d47e8ce-4b58-4ca4-80a4-9c0db32b8c67",
		"name": "SpringFinancial",
		"schema": "https://schema.getpostman.com/json/collection/v2.1.0/collection.json"
	},
	"item": [
		{
			"name": "getPlayer",
			"request": {
				"method": "POST",
				"header": [],
				"body": {
					"mode": "graphql",
					"graphql": {
						"query": "query{\n  player(id: 5){\n      id,\n      name,\n      score,\n      address{\n        street,\n        city,\n        state,\n        zip\n    }\n  }\n}",
						"variables": ""
					}
				},
				"url": {
					"raw": "http://api.clicktick.test/graphql",
					"protocol": "http",
					"host": [
						"api",
						"clicktick",
						"test"
					],
					"path": [
						"graphql"
					]
				}
			},
			"response": []
		},
		{
			"name": "getPlayers",
			"request": {
				"method": "POST",
				"header": [],
				"body": {
					"mode": "graphql",
					"graphql": {
						"query": "query{\n  players{\n      id,\n      name,\n      score\n  }\n}",
						"variables": ""
					}
				},
				"url": {
					"raw": "http://api.clicktick.test/graphql",
					"protocol": "http",
					"host": [
						"api",
						"clicktick",
						"test"
					],
					"path": [
						"graphql"
					]
				}
			},
			"response": []
		},
		{
			"name": "createPlayer",
			"request": {
				"method": "POST",
				"header": [],
				"body": {
					"mode": "graphql",
					"graphql": {
						"query": "#Name must be UNIQUE\nmutation{\n  createPlayer(\n    name:\"Ralphie\",\n    address : \n    { create: {\n      street: \"1232 ABC Street\",\n      city: \"Victoria\",\n      state:\"BC\",\n      zip: \"12345\"\n    }\n    }\n  ){\n    id,\n    name,\n    score,\n    address {\n      street,\n      city,\n      state,\n      zip\n  }\n  }\n}",
						"variables": ""
					}
				},
				"url": {
					"raw": "http://api.clicktick.test/graphql",
					"protocol": "http",
					"host": [
						"api",
						"clicktick",
						"test"
					],
					"path": [
						"graphql"
					]
				}
			},
			"response": []
		},
		{
			"name": "deletePlayer",
			"request": {
				"method": "POST",
				"header": [],
				"body": {
					"mode": "graphql",
					"graphql": {
						"query": "mutation{\n  deletePlayer(id:3){\n      id\n  }\n}",
						"variables": ""
					}
				},
				"url": {
					"raw": "http://api.clicktick.test/graphql",
					"protocol": "http",
					"host": [
						"api",
						"clicktick",
						"test"
					],
					"path": [
						"graphql"
					]
				}
			},
			"response": []
		},
		{
			"name": "incrementScore",
			"request": {
				"method": "POST",
				"header": [],
				"body": {
					"mode": "graphql",
					"graphql": {
						"query": "mutation {\n  play(id: 5, operation: \"increment\") {\n    id,\n    name,\n    score\n  }\n}\n",
						"variables": ""
					}
				},
				"url": {
					"raw": "http://api.clicktick.test/graphql",
					"protocol": "http",
					"host": [
						"api",
						"clicktick",
						"test"
					],
					"path": [
						"graphql"
					]
				}
			},
			"response": []
		},
		{
			"name": "decrementScore",
			"request": {
				"method": "POST",
				"header": [],
				"body": {
					"mode": "graphql",
					"graphql": {
						"query": "mutation {\n  play(id: 5, operation: \"decrement\") {\n    id,\n    name,\n    score\n  }\n}\n",
						"variables": ""
					}
				},
				"url": {
					"raw": "http://api.clicktick.test/graphql",
					"protocol": "http",
					"host": [
						"api",
						"clicktick",
						"test"
					],
					"path": [
						"graphql"
					]
				}
			},
			"response": []
		}
	]
}